CalcDate,Code,prev_close,open_price,high_price,low_price,volume,close_price,amount,vwap,turnover
2020-10-29,689009.SH,18.94,33.0,49.8,33.0,40954922.0,38.5,1584100687.0,38.679128408546354,0.7102320783766133
2020-10-30,689009.SH,38.5,40.02,51.56,40.02,33600551.0,47.6,1515930836.0,45.11624931388774,0.5826940452072986
2020-11-02,689009.SH,47.6,50.2,56.78,48.81,27193402.0,56.77,1428223165.0,52.52094478653314,0.471582546795981
2020-11-03,689009.SH,56.77,56.5,59.55,53.36,25121445.0,57.39,1409432109.0,56.104738760051426,0.4356510822844145
2020-11-04,689009.SH,57.39,57.45,57.8,51.9,20846450.0,54.4,1138491187.0,54.613192509995706,0.36151497273695576
2020-11-05,689009.SH,54.4,55.95,65.28,54.6,28843507.0,61.0,1764146580.0,61.162693565661066,0.5001983381699614
2020-11-06,689009.SH,61.0,59.8,68.6,59.48,23162768.0,68.6,1462900126.0,63.15739664620394,0.40168409691014206
2020-11-09,689009.SH,68.6,70.5,71.68,63.5,22494134.0,68.04,1517927746.0,67.48104843689471,0.3900887796124246
2020-11-10,689009.SH,68.04,68.0,70.7,65.11,15952778.0,67.93,1089580074.0,68.30033452480815,0.27664989020906233
2020-11-11,689009.SH,67.93,65.8,65.91,55.7,23125126.0,56.0,1384453512.0,59.8679337790419,0.4010313168634788
2020-11-12,689009.SH,56.0,56.0,61.66,55.04,18607788.0,58.89,1097892199.0,59.001757704892164,0.32269254340739323
2020-11-13,689009.SH,58.89,58.08,63.88,55.5,14904776.0,61.18,909337229.0,61.009788338986105,0.2584756488174453
2020-11-16,689009.SH,61.18,62.18,73.42,62.18,17134827.0,73.42,1201681738.0,70.13095247474632,0.297148747904677
2020-11-17,689009.SH,73.42,76.0,80.2,72.5,15369529.0,77.0,1181806487.0,76.89282391152,0.2665353025294403
2020-11-18,689009.SH,77.0,77.5,83.75,72.89,15567600.0,75.3,1209404470.0,77.68727806469848,0.2699702102554551
2020-11-19,689009.SH,75.3,74.86,77.89,69.7,11040312.0,73.66,815417743.0,73.85821551057614,0.19145888588644522
2020-11-20,689009.SH,73.66,74.62,88.39,74.62,17377459.0,86.65,1428266356.0,82.19074814102568,0.30135642359358866
2020-11-23,689009.SH,86.65,84.5,86.0,79.0,13592701.0,83.4,1112475859.0,81.84362026355174,0.23572190619681485
2020-11-24,689009.SH,83.4,85.0,88.25,81.14,10848149.0,84.57,924366918.0,85.20964433655917,0.18812643351656677
2020-11-25,689009.SH,84.57,83.9,87.84,80.0,10529157.0,80.6,870656996.0,82.69009532292091,0.18259453795721226
2020-11-26,689009.SH,80.6,78.99,81.0,72.01,10992748.0,76.52,831697575.0,75.65875020513523,0.1906340404972657
2020-11-27,689009.SH,76.52,75.1,77.3,70.68,8653123.0,70.99,632420305.0,73.08578706208152,0.15006073098462927
2020-11-30,689009.SH,70.99,72.6,74.66,66.0,12312721.0,71.35,865675385.0,70.30739874638596,0.21352474865661744
2020-12-01,689009.SH,71.35,69.94,73.35,69.0,8470466.0,72.8,607088603.0,71.67121655408333,0.14689312976834476
2020-12-02,689009.SH,72.8,72.18,73.74,67.58,9188218.0,69.0,641935191.0,69.86503705070994,0.15934024161289842
2020-12-03,689009.SH,69.0,67.7,67.7,63.75,10251224.0,64.1,667586966.0,65.12265910880495,0.1777746793761253
2020-12-04,689009.SH,64.1,64.5,68.63,64.36,9718032.0,67.06,650623911.0,66.9501717014309,0.16852817019381544
2020-12-07,689009.SH,67.06,68.0,72.2,63.89,10317870.0,71.3,702914507.0,68.12593170877322,0.17893044099851313
2020-12-08,689009.SH,71.3,70.4,74.85,69.34,7561658.0,70.5,545328505.0,72.11758386851137,0.13113276292683806
2020-12-09,689009.SH,70.5,71.5,72.58,68.63,5033283.0,68.75,353457776.0,70.22410144631247,0.08728618860872633
2020-12-10,689009.SH,68.75,69.49,69.52,64.6,5843817.0,65.32,390050476.0,66.74584026159614,0.10134230736814942
2020-12-11,689009.SH,65.32,65.5,69.5,64.1,6672375.999999999,67.85,449715655.0,67.399627209258,0.11571101207787021
2020-12-14,689009.SH,67.85,68.45,70.1,65.2,5842555.0,69.95,394611086.0,67.54084231984123,0.10132042201617851
2020-12-15,689009.SH,69.95,69.21,73.37,67.91,5885358.0,68.52,414669082.0,70.45774989388921,0.10206270309415869
2020-12-16,689009.SH,68.52,67.01,70.8,64.1,7690550.999999999,70.55,519997068.0,67.61506009127305,0.13336799959212084
2020-12-17,689009.SH,70.55,69.0,73.69,68.4,7428910.000000001,73.69,528806351.99999994,71.18222619469073,0.12883067362142228
2020-12-18,689009.SH,73.69,73.7,75.5,71.86,7635739.999999999,71.98,561886686.0,73.58640891387083,0.1324174781762114
2020-12-21,689009.SH,71.98,71.0,74.66,69.4,6377725.0,72.9,460444821.0,72.19577843196437,0.1106012332794697
2020-12-22,689009.SH,72.9,73.45,81.2,72.72,9434439.0,75.5,729303066.0,77.30221860568498,0.16361015702306494
2020-12-23,689009.SH,75.5,76.01,80.19,75.0,7933631.0,80.1,618876853.0,78.00676046062641,0.1375834444075642
2020-12-24,689009.SH,80.1,78.6,79.98,73.0,7325216.0,73.1,563628086.0,76.943544872943,0.12703243298174569
2020-12-25,689009.SH,73.1,72.01,75.5,67.61,8177760.000000001,75.1,584997397.0,71.53516329655064,0.1418170807715159
2020-12-28,689009.SH,75.1,74.82,83.2,74.32,8128091.0,80.1,648890483.0,79.83307310412741,0.14095573089271773
2020-12-29,689009.SH,80.1,81.38,83.8,76.55,6234215.0,77.46,497551129.0,79.80974813990214,0.10811251151929085
2020-12-30,689009.SH,77.46,78.13,83.49,76.21,6887774.000000001,80.91,550652832.0,79.94641403739436,0.11944640117757763
2020-12-31,689009.SH,80.91,82.0,88.0,80.09,6418084.0,85.82,542162328.0,84.47417141938311,0.11130113099753157
2021-01-04,689009.SH,85.82,84.74,92.5,83.2,6682825.0,88.2,588895451.0,88.12073501849892,0.11589221654914128
2021-01-05,689009.SH,88.2,87.7,89.43,83.0,6823091.0,87.4,584890176.0,85.72217137364869,0.1183246815091667
2021-01-06,689009.SH,87.4,86.88,87.77,80.8,5754108.0,80.99,480165333.0,83.44739671205338,0.09978659180558315
2021-01-07,689009.SH,80.99,80.01,83.88,77.3,5140046.0,80.29,413151030.0,80.37885847714203,0.08913765123350491
2021-01-08,689009.SH,80.29,79.99,83.33,77.33,4525989.0,77.7,363145519.0,80.23561679005407,0.07848879737042813
2021-01-11,689009.SH,77.7,77.0,79.44,74.62,4155664.0,78.25,320867357.0,77.21205492070581,0.07206669517658634
2021-01-12,689009.SH,78.25,78.26,83.79,76.3,5013905.0,83.4,402748318.0,80.326276225816,0.08695013920263095
2021-01-13,689009.SH,83.4,83.19,86.88,82.12,5083402.0,83.73,431703199.0,84.92407230433477,0.08815534229765674
2021-01-14,689009.SH,83.73,83.0,91.87,81.2,5401607.0,86.0,465295462.0,86.14019161334765,0.09367358986018001
2021-01-15,689009.SH,86.0,85.0,90.0,82.77,5683794.0,82.81,488533926.0,85.95208165531686,0.09856722045971726
2021-01-18,689009.SH,82.81,79.0,85.79,78.75,4772823.0,80.82,391732066.0,82.07554857994944,0.08276934330417482
2021-01-19,689009.SH,80.82,81.38,82.82,78.38,3604655.0000000005,78.81,290532293.0,80.59919548472737,0.06251120713843995
2021-01-20,689009.SH,78.81,78.84,85.55,78.84,5087314.0,85.02,419551948.0,82.47022849385746,0.08822318342040651
2021-01-21,689009.SH,85.02,85.1,91.91,85.1,6014827.0,88.98,536182202.00000006,89.14341210478706,0.10430792863641077
2021-01-22,689009.SH,88.98,90.47,102.77,89.3,6361698.0,99.1,611470876.0,96.11755792242889,0.11032329624615922
2021-01-25,689009.SH,99.1,98.11,110.25,98.11,4812099.0,101.8,501826395.0,104.28430400122691,0.0834504598525184
2021-01-26,689009.SH,101.8,102.0,112.1,97.51,4818746.0,108.3,510275770.0,105.89389231140218,0.083565730799072
2021-01-27,689009.SH,108.3,106.0,112.7,99.03,4949139.0,108.88,529577002.0,107.00386511674051,0.08582698016479567
2021-01-28,689009.SH,108.88,105.89,107.98,96.22,4803307.0,97.7,484298881.0,100.82613520226793,0.08329799074433435
2021-01-29,689009.SH,97.7,98.68,103.3,95.31,3717350.0,100.28,371574825.0,99.95691150954309,0.06446554132256199
2021-02-01,689009.SH,100.28,96.0,103.28,89.0,5548697.0,96.8,532966596.99999994,96.05256819754258,0.09622439526541106
2021-02-02,689009.SH,96.8,97.51,105.2,97.51,3960800.0,104.94,405509572.0,102.38072409614219,0.0686874026041141
2021-02-03,689009.SH,104.94,106.0,107.89,102.0,2820838.0,102.68,293903575.0,104.19016441213569,0.0489184092574692
2021-02-04,689009.SH,102.68,100.5,104.3,95.1,3288160.0,95.88,327686511.0,99.65649816310642,0.05702261405441926
2021-02-05,689009.SH,95.88,95.96,97.8,89.59,4220561.0,90.8,392210270.0,92.92846851401981,0.07319212599026015
2021-02-08,689009.SH,90.8,91.0,94.5,87.05,2705089.0,91.98,245732245.0,90.84072464898567,0.046911113215249545
2021-02-09,689009.SH,91.98,92.7,96.0,90.11,3395833.9999999995,93.35,318144951.0,93.6868383436882,0.058889875059265594
2021-02-10,689009.SH,93.35,93.92,98.88,91.57,3159592.0,97.87,302052832.0,95.59868236152009,0.05479301347423199
2021-02-18,689009.SH,97.87,100.0,101.78,95.8,2669905.0,98.66,263111227.0,98.54703706686193,0.04630095931370866
2021-02-19,689009.SH,98.66,99.3,99.3,90.0,4065372.0,90.3,377162484.0,92.77440883638693,0.07050086934444874
2021-02-22,689009.SH,90.3,90.3,92.5,82.88,4119806.0,83.35,360356887.0,87.46938253888653,0.07144485290164737
2021-02-23,689009.SH,83.35,80.0,84.77,79.79,2706263.0,80.46,220845259.0,81.60524642283474,0.0469314724887946
2021-02-24,689009.SH,80.46,81.3,82.5,74.5,4178915.0,75.51,327334310.0,78.32997560371531,0.07246990937522002
2021-02-25,689009.SH,75.51,76.0,77.77,69.12,4495746.0,72.59,327167275.0,72.77263328488753,0.07796432930413945
2021-02-26,689009.SH,72.59,69.98,71.37,68.68,2363299.0,70.1,165469536.0,70.01633563929067,0.040983859292794446
2021-03-01,689009.SH,70.1,71.26,75.68,71.26,2903223.0,75.42,213743542.0,73.62284674652963,0.050347113474682875
2021-03-02,689009.SH,75.42,75.42,76.55,70.2,2963539.0,71.49,216787801.0,73.15166124015914,0.051393101501210285
2021-03-03,689009.SH,71.49,71.5,74.36,70.1,2221647.0,73.91,162364822.0,73.0830874571883,0.03852735859756167
2021-03-04,689009.SH,73.91,72.18,73.49,69.98,1979074.0000000002,70.77,140620416.0,71.05364225895545,0.034320706074867334
2021-03-05,689009.SH,70.77,69.01,72.33,69.01,1566143.0,71.22,112109000.0,71.58286312297153,0.02715973913770326
2021-03-08,689009.SH,71.22,71.22,71.88,65.0,2907003.0,65.88,198486016.0,68.27857281193036,0.05041266547979386
2021-03-09,689009.SH,65.88,65.7,66.31,58.0,3076996.0,61.72,193045957.0,62.738449123755764,0.0533606501371563
2021-03-10,689009.SH,61.72,63.73,64.98,61.82,2399794.0,62.5,152026423.0,63.34978043948772,0.041616748294520646
2021-03-11,689009.SH,62.5,61.32,65.15,61.0,1782638.0,63.4,113140421.0,63.467973306975395,0.030914152192333053
2021-03-12,689009.SH,63.4,64.3,66.15,64.0,1868239.0,64.81,121738698.0,65.16227206476259,0.03239862763929194
2021-03-15,689009.SH,64.81,65.78,66.88,60.51,2224030.0,61.82,142815769.0,64.21485726361605,0.03856868410766206
2021-03-16,689009.SH,61.82,62.29,63.39,60.02,1431055.0,61.26,87974660.0,61.4753870396316,0.0248170700195997
2021-03-17,689009.SH,61.26,61.64,62.88,60.6,1279104.0,62.3,79512087.0,62.16233160087061,0.02218196612313996
2021-03-18,689009.SH,62.3,61.99,62.7,61.25,1156591.0,61.32,71342770.0,61.68366345579379,0.02005737014373231
2021-03-19,689009.SH,61.32,59.03,60.97,58.37,1902615.0000000002,59.03,112983485.0,59.383261984163894,0.03299476936619536
2021-03-22,689009.SH,59.03,59.84,65.0,58.62,2658569.0,63.91,164368716.0,61.82601091038074,0.046104372665576904
2021-03-23,689009.SH,63.91,63.35,65.92,63.11,2228228.0,64.46,144158479.0,64.69646687861386,0.03864148498529589
2021-03-24,689009.SH,64.46,64.76,64.77,61.6,1438302.0,62.0,90633930.0,63.014533804444405,0.024942746046329657
2021-03-25,689009.SH,62.0,61.2,62.5,58.9,1167647.0,60.7,71171071.0,60.95255757947393,0.020249101087781763
2021-03-26,689009.SH,60.7,62.3,65.0,61.6,2000199.0000000002,63.41,127598032.0,63.79266862947136,0.03468705160607616
2021-03-29,689009.SH,63.41,63.42,66.8,63.42,2035130.0,64.79,133036541.0,65.37004564818955,0.03529281803214268
2021-03-30,689009.SH,64.79,66.0,66.66,64.81,1612971.0,65.1,105933119.0,65.675774083973,0.02797182096186642
2021-03-31,689009.SH,65.1,66.38,68.62,66.26,2009403.0,66.56,135667911.0,67.51652655042318,0.034846665535981286
2021-04-01,689009.SH,66.56,66.7,66.7,64.18,1192560.0,65.86,78475859.0,65.80453729791373,0.020681137358503916
2021-04-02,689009.SH,65.86,66.86,71.45,66.86,2584560.0,71.07,179290733.0,69.36992486148513,0.04482092336762501
2021-04-06,689009.SH,71.07,70.9,76.66,70.03,2075218.0,73.14,152420828.0,73.448104247361,0.0359880161223249
2021-04-07,689009.SH,73.14,72.41,74.96,71.25,1773261.0,73.1,130676857.0,73.69296285205618,0.030751538130977068
2021-04-08,689009.SH,73.1,73.4,75.97,72.61,1360784.0,73.3,100368082.0,73.7575412409317,0.023598444371146433
2021-04-09,689009.SH,73.3,73.77,75.39,69.0,2197410.0,69.21,159327582.0,72.50698868213033,0.0381070453838382
2021-04-12,689009.SH,69.21,69.68,70.3,65.6,1884756.0000000002,65.67,125924701.0,66.81220327724118,0.03268506215474644
2021-04-13,689009.SH,65.67,65.99,66.99,65.02,890170.0000000001,66.38,58681311.0,65.92146556275766,0.015437150367628827
2021-04-14,689009.SH,66.38,65.99,67.26,65.6,770472.0,66.79,51235635.0,66.49902267700838,0.013361371556048525
2021-04-15,689009.SH,66.79,66.69,66.99,63.5,1104882.0,64.24,71403241.0,64.62521880164579,0.019160642992334578
2021-04-16,689009.SH,64.24,66.11,70.7,66.11,2132529.0,69.14,146504394.0,68.69983667279554,0.03698189203896911
2021-04-19,689009.SH,69.14,68.9,73.38,68.01,2111345.0,71.24,150281452.0,71.1780651669907,0.03661452334154294
2021-04-20,689009.SH,71.24,70.64,71.89,68.51,1502011.0,69.25,104490426.0,69.56701781811185,0.0260475748012543
2021-04-21,689009.SH,69.25,70.96,73.49,69.27,1995754.0,71.51,143849670.0,72.07785628890134,0.03460996730376972
2021-04-22,689009.SH,71.51,70.95,70.95,68.36,2178190.0,69.66,151132408.0,69.38440080984671,0.03777373598218928
2021-04-23,689009.SH,69.66,69.61,71.3,68.7,1131123.0,69.88,79231816.0,70.04703820893042,0.01961570917384704
2021-04-26,689009.SH,69.88,71.21,71.21,68.8,2050637.0,68.92,143926682.0,70.1863284433081,0.035561737329300326
2021-04-27,689009.SH,68.92,68.09,68.89,65.95,1613761.0,66.0,108305105.0,67.11347281288865,0.02798552098409861
2021-04-28,689009.SH,66.0,65.35,66.56,63.52,1600942.0,63.7,103417095.0,64.59765250708645,0.02776321644613099
2021-04-29,689009.SH,63.7,63.49,66.08,62.0,2306685.0,66.04,148910897.0,64.55623416287877,0.03809435180305685
2021-04-30,689009.SH,66.04,67.1,76.8,64.8,4465731.0,74.4,316970930.0,70.9785094534355,0.07375048078598373
2021-05-06,689009.SH,74.4,74.0,74.47,70.65,2106961.0,71.93,151976905.0,72.1308581411806,0.03479595764888594
2021-05-07,689009.SH,71.93,71.42,76.38,69.91,2653937.0,69.92,193334230.0,72.84808569306657,0.04382913563887106
2021-05-10,689009.SH,69.92,70.0,71.73,68.0,1651166.9999999998,69.3,115096463.0,69.7061308759199,0.0272686286092804
2021-05-11,689009.SH,69.3,69.0,70.88,67.8,1139437.0,70.0,78795911.0,69.15337223558652,0.018817529890479058
2021-05-12,689009.SH,70.0,68.83,71.78,68.83,1200400.0,70.51,84319611.0,70.24292819060314,0.01982431927393183
2021-05-13,689009.SH,70.51,70.04,70.1,65.99,2062473.0,66.51,138619636.0,67.21040033008917,0.03406124895523492
2021-05-14,689009.SH,66.51,66.57,67.88,65.66,1697334.9999999998,66.65,112641945.0,66.36400298114398,0.02803108210164868
2021-05-17,689009.SH,66.65,66.85,68.95,65.8,1946787.0,67.2,131292565.99999999,67.44064245343738,0.032150722297850653
2021-05-18,689009.SH,67.2,66.6,67.28,65.76,1275897.0,66.99,84783352.0,66.44999713926751,0.021071134195811227
2021-05-19,689009.SH,66.99,66.77,69.86,66.47,1911524.0000000002,68.77,131198923.00000001,68.63577072534794,0.031568362275727485
2021-05-20,689009.SH,68.77,68.28,70.35,67.7,1762118.0,69.4,121712372.0,69.07163538423647,0.02910095787266095
2021-05-21,689009.SH,69.4,69.96,71.33,68.92,1459956.0,69.4,102357202.0,70.10978550038494,0.024110824616704777
2021-05-24,689009.SH,69.4,70.02,70.02,66.51,1610369.0,66.97,108628455.0,67.45562973455152,0.026594859384240523
2021-05-25,689009.SH,66.97,66.5,69.88,66.46,1697158.0000000002,68.62,115397950.0,67.9948183964015,0.02802815898892669
2021-05-26,689009.SH,68.62,68.31,69.88,68.31,1218339.0,69.07,84257923.0,69.1580282663528,0.020120577574044344
2021-05-27,689009.SH,69.07,69.18,73.99,68.55,2810222.0,72.02,200655288.0,71.40193479376363,0.0464101450838281
2021-05-28,689009.SH,72.02,71.85,72.51,69.36,1779600.0,69.8,126332295.0,70.98915205664194,0.029389668926931924
2021-05-31,689009.SH,69.8,70.7,74.0,70.18,2071345.0,73.3,150414694.0,72.61691992401073,0.03420776791607991
2021-06-01,689009.SH,73.3,72.86,82.89,72.86,3885368.0,77.5,305349244.0,78.58952974338595,0.06416592446577637
2021-06-02,689009.SH,77.5,78.2,82.45,75.18,3480336.0,80.17,276538529.0,79.45742278906404,0.05747691773122193
2021-06-03,689009.SH,80.17,80.0,80.99,77.31,1646546.0,77.8,129032589.0,78.36561444381147,0.027192313898046785
2021-06-04,689009.SH,77.8,79.0,79.0,74.9,2158136.0,75.36,165204476.0,76.54961318471125,0.03564110055028836
2021-06-07,689009.SH,75.36,75.36,79.99,75.02,2195052.0,79.64,172864544.0,78.75191293873677,0.036250759472577984
2021-06-08,689009.SH,79.64,78.8,83.78,78.71,2414271.0,83.0,197649545.0,81.86717439757177,0.03987110889519716
2021-06-09,689009.SH,83.0,82.02,85.49,80.6,2313047.0,81.2,192459286.0,83.20595560747361,0.03819941871343735
2021-06-10,689009.SH,81.2,82.29,82.89,80.07,1710209.0,80.8,139235786.0,81.41448559795909,0.028243693136580875
2021-06-11,689009.SH,80.8,80.7,83.89,80.22,2102422.0,80.92,172997233.0,82.28473303646936,0.034720997148065896
2021-06-15,689009.SH,80.92,80.0,80.8,76.0,1983989.0,80.0,155119938.0,78.18588611126373,0.03276510444182667
2021-06-16,689009.SH,80.0,79.85,80.0,76.51,1385257.0,77.89,107660610.0,77.71887093874999,0.022877188474216083
2021-06-17,689009.SH,77.89,77.9,82.5,77.23,1637792.0,81.01,131254264.0,80.14098493581602,0.02704774367901646
2021-06-18,689009.SH,81.01,81.48,83.23,79.61,1678689.0,80.52,135781269.0,80.88530335279495,0.02772314786540932
2021-06-21,689009.SH,80.52,80.68,80.75,78.11,1496536.0,78.67,118055928.0,78.88612636114334,0.024714934579250954
2021-06-22,689009.SH,78.67,79.2,80.5,77.38,1449504.0,77.86,113744285.0,78.47117703711062,0.02393821233325665
2021-06-23,689009.SH,77.86,78.69,82.15,78.06,2378953.0,81.61,191722074.0,80.5909465214319,0.03928784056121122
2021-06-24,689009.SH,81.61,81.6,82.5,78.48,1551700.0,78.51,123417828.0,79.53717084487981,0.025625954862845735
2021-06-25,689009.SH,78.51,78.89,82.18,78.0,2002814.0,82.0,161907749.0,80.84013243366583,0.03307599482031032
2021-06-28,689009.SH,82.0,81.47,88.88,81.47,3129153.0,86.16,269691178.0,86.18663836507835,0.05167721436936155
2021-06-29,689009.SH,86.16,86.2,88.98,84.1,1957139.0,87.2,169450274.0,86.58060260410733,0.03232168310518466
2021-06-30,689009.SH,87.2,86.8,87.68,84.21,1597740.0,85.12,136975439.0,85.73074405097199,0.026386294465787937
2021-07-01,689009.SH,85.12,85.8,86.3,82.28,1721291.9999999998,82.75,143412247.0,83.31662902052645,0.028426726234309113
2021-07-02,689009.SH,82.75,82.01,83.73,78.14,2073164.0,78.34,164934260.0,79.55678373732131,0.03423780826659581
2021-07-05,689009.SH,78.34,78.0,79.09,76.4,1380992.0,77.69,107474894.0,77.8244146236908,0.02280675301794874
2021-07-06,689009.SH,77.69,77.28,79.12,73.65,2236062.0,75.07,169174975.0,75.65755108758165,0.036928029826979805
2021-07-07,689009.SH,75.07,74.8,77.97,74.0,1396398.0,77.77,106237266.0,76.07950312160287,0.023061179428090516
2021-07-08,689009.SH,77.77,77.2,77.69,74.5,1955143.9999999998,75.65,147253540.0,75.31595626715988,0.0322887361567079
2021-07-09,689009.SH,75.65,75.0,76.62,74.08,1135728.0,74.9,85189615.0,75.0088181325106,0.018756276641406236
2021-07-12,689009.SH,74.9,75.17,76.44,74.4,1371214.0,75.3,102931642.0,75.06606700339991,0.022645271683509795
2021-07-13,689009.SH,75.3,74.65,75.0,64.98,4857156.0,65.28,333256387.0,68.61142343379541,0.08021477116568945
2021-07-14,689009.SH,65.28,65.5,66.49,63.62,1715128.0,65.0,112026191.0,65.31651923354991,0.02832492924663458
2021-07-15,689009.SH,65.0,64.5,66.48,62.5,1606360.0,63.63,102554950.0,63.84306755646306,0.026528651706825338
2021-07-16,689009.SH,63.63,63.68,65.43,63.01,1049773.0,64.33,67641376.0,64.43428817468157,0.01733675034751186
2021-07-19,689009.SH,64.33,64.0,66.0,62.6,1877398.0,63.68,121101991.0,64.50523064368876,0.031004779537021885
2021-07-20,689009.SH,63.68,63.68,63.68,60.91,1600403.0,61.83,98971691.0,61.84173048913305,0.02643027327470703
2021-07-21,689009.SH,61.83,62.84,65.3,61.77,1519958.0,63.8,97256776.0,63.98648910035672,0.02510174331470083
2021-07-22,689009.SH,63.8,65.5,68.88,64.0,2745497.0,67.7,184314542.0,67.13339770540634,0.04534122716896203
2021-07-23,689009.SH,67.7,66.74,68.9,65.0,1763778.0,68.08,118493051.0,67.18138620620056,0.029128372376155395
2021-07-26,689009.SH,68.08,67.86,67.86,63.0,2008673.0,67.18,130980619.0,65.20753701573128,0.03317275480583678
2021-07-27,689009.SH,67.18,66.0,70.97,65.16,1835693.9999999998,67.15,124562057.0,67.85556688642008,0.030316047938388047
2021-07-28,689009.SH,67.15,66.01,67.59,63.01,1741445.0,67.47,114233048.0,65.59670158977171,0.028759548215588317
2021-07-29,689009.SH,67.47,67.8,70.55,67.13,1619849.0,68.04,112136853.0,69.22673224479566,0.026751420645239346
2021-07-30,689009.SH,68.04,67.52,68.84,65.5,1438500.0,68.4,96053557.0,66.773414668057,0.023756485078656592
2021-08-02,689009.SH,68.4,67.66,68.14,66.02,892934.0,67.29,60094655.0,67.30022039702823,0.014746592455491932
2021-08-03,689009.SH,67.29,66.66,68.49,65.18,935068.0,65.42,62283276.0,66.60828517284304,0.015442425435891041
2021-08-04,689009.SH,65.42,65.21,66.15,64.14,967837.0000000001,65.14,62967100.0,65.05961231075067,0.015983597670539983
2021-08-05,689009.SH,65.14,65.09,65.3,63.15,1148284.0,63.2,73281706.0,63.818450836204285,0.01896363692183532
2021-08-06,689009.SH,63.2,63.2,64.35,62.4,875826.0,62.96,55307066.0,63.14846327923583,0.014464057907889807
2021-08-09,689009.SH,62.96,63.0,64.44,61.5,933773.0,63.52,58665194.0,62.82596948080529,0.015421038819153562
2021-08-10,689009.SH,63.52,63.44,63.77,62.34,792283.0,63.13,49829099.0,62.893055890382605,0.013084365149512188
2021-08-11,689009.SH,63.13,63.14,68.17,62.0,2366824.0,67.99,154632376.0,65.3332803791072,0.03908753495989316
2021-08-12,689009.SH,67.99,66.73,69.8,66.2,1866193.9999999998,67.76,127271199.0,68.19826824006508,0.030819749680137957
2021-08-13,689009.SH,67.76,67.46,67.68,63.78,1565378.0,63.8,101908649.0,65.10162337786784,0.025851845046546612
2021-08-16,689009.SH,63.8,64.0,65.93,63.12,940906.0,65.13,60989839.0,64.82033168031663,0.01553883861621026
2021-08-17,689009.SH,65.13,65.13,66.33,64.1,750906.0,64.5,48937951.0,65.17187370989178,0.012401033843916377
2021-08-18,689009.SH,64.5,64.39,66.13,64.02,738642.0,65.59,48152243.0,65.19023153300246,0.012198496803245784
2021-08-19,689009.SH,65.59,65.9,65.92,64.8,530133.0,65.06,34607729.0,65.28121999573692,0.008755020301844598
2021-08-20,689009.SH,65.06,64.7,65.75,62.88,856829.0000000001,63.06,54497639.0,63.603868449830706,0.014150326974946299
2021-08-23,689009.SH,63.06,63.69,66.66,63.06,1349817.0,66.0,88168081.0,65.31854392113894,0.02229190644380744
2021-08-24,689009.SH,66.0,66.2,71.73,66.2,2516047.0,71.73,174421735.0,69.32371891304098,0.0415519172837669
2021-08-25,689009.SH,71.73,80.0,86.08,79.0,7237602.0,86.08,606383885.0,83.78243028561117,0.11952727418717769
2021-08-26,689009.SH,86.08,87.76,87.9,81.18,4641920.0,85.1,391849752.0,84.41544705639046,0.07666020383477067
2021-08-27,689009.SH,85.1,83.18,83.4,76.66,3711019.0,78.05,292993921.0,78.95241738185658,0.061286595411964614
2021-08-30,689009.SH,78.05,76.89,78.0,72.63,3494367.0,74.66,260842330.0,74.64651823921186,0.0577086392039277
2021-08-31,689009.SH,74.66,74.99,77.37,73.56,1708299.0000000002,75.0,129094318.0,75.56892440960276,0.02821215134055195
2021-09-01,689009.SH,75.0,73.58,77.85,73.18,1775693.0,75.96,134388560.0,75.68231670677308,0.029325147208046545
2021-09-02,689009.SH,75.96,75.19,82.74,75.0,2308028.0,82.25,184726858.0,80.03666246683316,0.03811653301572584
2021-09-03,689009.SH,82.25,84.47,86.85,80.39,2197260.0,80.5,184183212.0,83.8240408508779,0.03628722586300242
2021-09-06,689009.SH,80.5,80.3,87.5,78.37,2128972.0,86.0,178908582.0,84.03519726891665,0.03515946579831608
2021-09-07,689009.SH,86.0,85.9,87.6,84.2,1146919.0,84.5,97821146.0,85.29037011332099,0.018941094271760682
2021-09-08,689009.SH,84.5,84.0,88.5,83.48,1285872.0,86.0,111471848.0,86.68969228663506,0.021235869990310956
2021-09-09,689009.SH,86.0,87.8,87.92,80.5,2380487.0,84.51,196996632.0,82.75476068552359,0.03931317615254501
2021-09-10,689009.SH,84.51,82.1,83.1,79.0,1925899.0000000002,81.2,155430841.0,80.705603461033,0.03180576354292642
2021-09-13,689009.SH,81.2,81.53,81.97,75.1,2196251.0,77.0,171075492.0,77.89432628602104,0.036270562468185344
2021-09-14,689009.SH,77.0,77.3,79.88,74.74,1678913.0,75.0,129047199.0,76.86354146998683,0.0277268485456118
2021-09-15,689009.SH,75.0,75.0,79.29,75.0,1784477.0,77.99,138422960.0,77.57060472059881,0.029470212877098282
2021-09-16,689009.SH,77.99,77.99,82.2,76.11,2100288.0,81.0,167849063.0,79.9171651697291,0.03468575636627146
2021-09-17,689009.SH,81.0,79.99,83.98,78.93,1820116.9999999998,81.46,148147191.0,81.3943230023125,0.030058798993332768
2021-09-22,689009.SH,81.46,80.0,83.0,79.0,824324.0,79.12,66176350.00000001,80.27953814276911,0.013613514637454652
2021-09-23,689009.SH,79.12,78.9,78.9,75.89,811211.0,77.51,62423117.0,76.9505307497063,0.013396956563880496
2021-09-24,689009.SH,77.51,77.51,80.5,76.5,1018335.0,79.6,80023143.0,78.58233587179072,0.016817560119967857
2021-09-27,689009.SH,79.6,79.6,82.3,76.69,2179595.0,81.01,173487118.0,79.5960341256059,0.035995492592988884
2021-09-28,689009.SH,81.01,80.94,82.94,79.5,1232881.0,81.87,100730666.0,81.7034782756811,0.02036073623931819
2021-09-29,689009.SH,81.87,80.96,82.9,80.01,932331.0,80.7,76038547.0,81.55745867079396,0.01539722453240805
2021-09-30,689009.SH,80.7,80.1,82.51,80.1,1110521.0,80.9,90361832.0,81.36886380356607,0.018339989965960927
2021-10-08,689009.SH,80.9,80.8,82.5,77.82,1498451.0,80.58,120119831.0,80.16266864915836,0.024746561572887068
2021-10-11,689009.SH,80.58,80.88,87.79,80.49,2617596.0,85.0,223069418.0,85.21919272492775,0.04322897484598622
2021-10-12,689009.SH,85.0,85.0,89.88,83.03,1758843.0,89.0,152492720.0,86.70058669250183,0.029046873469029958
2021-10-13,689009.SH,89.0,88.99,92.9,86.07,1274933.0,86.55,112701966.0,88.39834406984524,0.021055215009236624
2021-10-14,689009.SH,86.55,86.61,86.99,82.81,1261792.0,83.99,106263123.0,84.21603798407344,0.020838194522327602
2021-10-15,689009.SH,83.99,84.19,84.19,78.03,1774413.0,78.88,141935879.0,79.99032863262386,0.029304008312738463
2021-10-18,689009.SH,78.88,78.0,80.28,75.21,1878200.9999999998,79.65,144773933.0,77.08117129103861,0.031018042426984967
2021-10-19,689009.SH,79.65,78.66,80.2,78.04,745276.0,78.92,58892719.0,79.02135450490825,0.01230805573408472
2021-10-20,689009.SH,78.92,79.48,80.51,76.18,1140624.0,77.0,89041410.0,78.06377035727812,0.018837133845225996
2021-10-21,689009.SH,77.0,77.18,77.3,75.87,601090.0,76.08,45848164.0,76.2750403433762,0.009926858266200688
2021-10-22,689009.SH,76.08,75.22,77.48,75.1,543835.0,75.68,41375497.0,76.08097492805722,0.008981305570212865
2021-10-25,689009.SH,75.68,76.0,76.76,68.88,2033784.0,68.99,147853826.0,72.69888346058382,0.03358745863692077
2021-10-26,689009.SH,68.99,68.58,70.49,66.15,2667551.0,67.0,180647987.0,67.72053730181729,0.04405396977967012
2021-10-27,689009.SH,67.0,66.84,67.19,62.88,2048070.0,63.1,131380190.0,64.14829082990327,0.03382338852627334
2021-10-28,689009.SH,63.1,62.15,64.62,62.15,1591669.0,64.0,101393192.0,63.70243561946611,0.02628603465322228
2021-10-29,689009.SH,64.0,64.9,64.9,63.05,1358158.0,64.0,87240251.0,64.23424299676473,0.0030658552344620628
2021-11-01,689009.SH,64.0,63.11,64.1,62.48,1074287.0,62.91,67691552.0,63.010677779773935,0.002425055422317982
2021-11-02,689009.SH,62.91,62.61,65.66,62.61,1576977.0,65.25,101134797.0,64.1320685082915,0.0035598090870696047
2021-11-03,689009.SH,65.25,65.99,65.99,63.75,1803691.0,64.41,116281415.0,64.46858968637089,0.004071584818336389
2021-11-04,689009.SH,64.41,65.48,65.48,63.5,1386062.0,64.52,88921607.0,64.15413379776662,0.003128844683747366
2021-11-05,689009.SH,64.52,64.99,64.99,62.9,1128549.0,63.0,71463634.0,63.32346579545948,0.002547544438126438
2021-11-08,689009.SH,63.0,62.8,63.59,61.9,1165931.0,63.24,73165633.0,62.752969944190525,0.0026319291712537034
2021-11-09,689009.SH,63.24,63.23,63.79,62.86,1164760.0,63.3,73907792.0,63.453236718293894,0.0026292857995108315
2021-11-10,689009.SH,63.3,63.02,63.7,62.6,1487045.0,63.49,93704939.0,63.014191904078224,0.0033567999431072366
2021-11-11,689009.SH,63.49,63.49,64.18,62.95,1906141.0,64.06,121247547.0,63.60890773557675,0.004302851628803682
2021-11-12,689009.SH,64.06,64.06,67.54,63.7,3511769.0,66.0,232845240.0,66.30425862293335,0.007927336415108996
2021-11-15,689009.SH,66.0,62.5,65.88,60.01,2626077.0,65.17,167825814.0,63.90742312582609,0.005928008314607306
2021-11-16,689009.SH,65.17,64.01,64.9,63.5,1829993.0,64.19,117279840.0,64.0875894060797,0.004130957972547328
2021-11-17,689009.SH,64.19,64.0,65.46,62.5,1923553.0,62.99,121725380.0,63.28153162403115,0.00434215682845089
2021-11-18,689009.SH,62.99,62.96,63.43,62.23,1938818.0,62.57,121439446.0,62.635815223502156,0.004376615470342381
2021-11-19,689009.SH,62.57,62.37,62.56,60.3,1873166.9999999998,60.87,114216266.0,60.97495097874349,0.004228417350537712
2021-11-22,689009.SH,60.87,61.47,62.4,60.7,1878029.0,62.1,115522021.0,61.51237334460757,0.004239392648073017
2021-11-23,689009.SH,62.1,62.0,63.1,61.4,1568323.0,61.75,97231444.0,61.997078407955506,0.0035402738701073404
2021-11-24,689009.SH,61.75,61.71,62.36,61.32,1374249.0,61.54,84644755.0,61.59346304781739,0.0031021784579586876
2021-11-25,689009.SH,61.54,61.49,62.5,61.28,3144979.0,62.13,194801221.0,61.940388473182175,0.007099358343744442
2021-11-26,689009.SH,62.13,61.8,62.58,61.5,2420997.0,62.14,150034270.0,61.97210075022811,0.005465068368383465
2021-11-29,689009.SH,62.14,61.88,61.88,60.36,2036252.0,60.51,124012737.0,60.90245067899258,0.004596559349415785
2021-11-30,689009.SH,60.51,60.5,61.2,60.36,1535244.0,60.84,93254154.0,60.742236413234636,0.0034656025687559732
2021-12-01,689009.SH,60.84,60.99,61.0,59.78,2116728.0,59.78,127300410.0,60.140183339569376,0.004778222871515989
2021-12-02,689009.SH,59.78,59.67,59.77,57.66,2421344.0,57.73,141367932.0,58.384075951207265,0.005465851673246639
2021-12-03,689009.SH,57.73,57.55,58.78,57.5,1709166.9999999998,58.6,99131078.0,57.99964427115666,0.003858209864772596
2021-12-06,689009.SH,58.6,58.99,58.99,56.3,1719350.9999999998,56.75,98270955.0,57.15584252430133,0.003881198846693523
2021-12-07,689009.SH,56.75,57.48,57.48,56.0,827170.9999999999,57.02,47044399.0,56.87384954259761,0.0018672249768769305
2021-12-08,689009.SH,57.02,56.79,57.39,56.79,2075730.0,57.06,118421183.0,57.05037890284382,0.004685675514800146
2021-12-09,689009.SH,57.06,57.09,58.47,56.1,4402563.0,57.8,253158466.0,57.502519782226855,0.00993818158019833
2021-12-10,689009.SH,57.8,57.8,58.69,56.8,3230761.0,56.82,185169359.0,57.314471420201,0.007292999432426778
2021-12-13,689009.SH,56.82,56.98,57.16,55.9,2031586.0,57.01,115057587.0,56.63436694287123,0.004586026494973224
2021-12-14,689009.SH,57.01,57.19,58.34,56.85,4869284.0,58.25,280543045.0,57.61484542696626,0.010991740165343333
2021-12-15,689009.SH,58.25,57.7,62.18,57.6,10311769.0,61.46,627025655.0,60.806798038241546,0.023277402898052822
2021-12-16,689009.SH,61.46,61.2,61.45,59.5,5420685.0,60.5,327238183.0,60.368418935983186,0.01223645222545535
2021-12-17,689009.SH,60.5,60.7,62.25,59.6,4731970.0,61.25,289897339.0,61.26356232182368,0.010681772661072899
2021-12-20,689009.SH,61.25,61.0,62.55,60.45,5398018.0,62.43,334948876.0,62.05034440418687,0.01218528458472463
2021-12-21,689009.SH,62.43,62.03,65.05,61.5,4211414.0,63.38,267215836.0,63.45038412276732,0.00950668895400006
2021-12-22,689009.SH,63.38,63.4,69.0,63.4,7188220.0,67.04,480422115.0,66.83464265144917,0.01622641983735684
2021-12-23,689009.SH,67.04,66.7,69.39,66.01,5170981.0,66.01,350797655.0,67.83967200807739,0.011672779725299906
2021-12-24,689009.SH,66.01,65.21,66.88,63.0,5093302.0,65.46,332207850.0,65.22445556929473,0.011497430046722172
2021-12-27,689009.SH,65.46,65.0,68.43,63.56,3163564.0,67.08,208640327.0,65.95103718464365,0.0071413114298599575
2021-12-28,689009.SH,67.08,66.6,68.95,66.16,3561048.0000000005,68.15,241602959.0,67.84602706843603,0.00803857699249326
2021-12-29,689009.SH,68.15,68.5,69.68,66.64,3363471.0,67.58,228284458.0,67.871689097364,0.007592574038743171
2021-12-30,689009.SH,67.58,67.99,68.69,66.01,3059763.0,68.24,206003792.0,67.32671517369155,0.006906994922360538
2021-12-31,689009.SH,68.24,69.0,71.25,67.3,2082295.0,70.07,144365535.0,69.3300108774213,0.004700495101044341
2022-01-04,689009.SH,70.07,69.33,70.42,68.81,1219552.0,68.96,84734435.0,69.47996887381596,0.0027529712175598697
2022-01-05,689009.SH,68.96,68.79,69.86,65.86,2318020.0,68.0,157267450.0,67.84559667302267,0.005232611927763744
2022-01-06,689009.SH,68.0,67.62,68.7,66.0,1733797.0,67.66,116498205.0,67.19252888313915,0.003913808708518906
2022-01-07,689009.SH,67.66,67.65,68.26,63.71,1909025.9999999998,63.91,125351331.0,65.6624535234198,0.004309364120245341
2022-01-10,689009.SH,63.91,63.5,64.0,61.53,1206612.0,63.46,76220486.0,63.169010419256566,0.0027237609439879147
2022-01-11,689009.SH,63.46,63.01,65.45,63.01,1358968.0,63.38,87416293.0,64.32549773063089,0.003067683698263707
2022-01-12,689009.SH,63.38,64.0,64.66,63.01,1241690.0,64.1,79304785.0,63.868425291336806,0.0028029447134127238
2022-01-13,689009.SH,64.1,64.0,66.33,62.29,1736118.0,64.88,112197016.0,64.62522478310807,0.00391904804738757
2022-01-14,689009.SH,64.88,64.7,66.99,64.1,1288908.0,66.19,85149681.0,66.06342811123835,0.0029095328662350245
2022-01-17,689009.SH,66.19,66.25,66.66,65.21,1441646.0,65.22,94978746.0,65.88215553610249,0.0032543179330691233
2022-01-18,689009.SH,65.22,65.3,65.99,63.79,1099290.0,65.55,71017392.0,64.60296373113555,0.002481496262358136
2022-01-19,689009.SH,65.55,64.97,65.85,64.09,865096.9999999999,65.1,56394762.0,65.18894644184411,0.0019528377153228318
2022-01-20,689009.SH,65.1,66.0,66.0,64.0,685924.0,64.88,44566500.0,64.97294160869134,0.0015483792650362888
2022-01-21,689009.SH,64.88,64.24,64.8,63.03,953945.0000000001,64.0,60776282.0,63.71046758460917,0.002153399878098802
2022-01-24,689009.SH,64.0,63.6,64.39,60.0,1610439.0,64.21,100522026.0,62.4190211488917,0.0036353449583419965
2022-01-25,689009.SH,64.21,63.3,63.88,62.1,946444.0,62.65,59851222.0,63.23799612021419,0.0021364674003504836
2022-01-26,689009.SH,62.65,62.16,63.5,60.84,1024816.0,61.99,63070893.0,61.54362636805046,0.0023133814312918475
2022-01-27,689009.SH,61.99,62.1,62.1,60.6,752833.0,60.6,46053452.0,61.173529853234385,0.0016994171471403018
2022-01-28,689009.SH,60.6,60.65,61.06,59.6,1042221.9999999999,60.81,63002207.0,60.4498916737509,0.0023526730867627476
2022-02-07,689009.SH,60.81,60.31,62.1,58.82,1500567.0,61.33,90778007.0,60.49580391945178,0.003387324001781114
2022-02-08,689009.SH,61.33,60.8,61.6,59.07,823931.0,60.81,49597915.0,60.19668515931553,0.0018599111216703519
2022-02-09,689009.SH,60.81,60.83,62.18,60.4,1242393.0,61.51,76250056.0,61.373539612666846,0.0028045316394035343
2022-02-10,689009.SH,61.51,61.8,62.2,61.1,603578.0,61.51,37148005.0,61.54632044242832,0.0013624944746532751
2022-02-11,689009.SH,61.51,61.7,61.7,59.41,1018659.0,60.5,61361175.0,60.237208918784404,0.0022994828490366295
2022-02-14,689009.SH,60.5,60.0,60.79,57.6,1233198.0,58.8,72138071.0,58.49674667004001,0.0027837751892107894
2022-02-15,689009.SH,58.8,58.78,58.8,57.5,1099800.0,58.03,63854282.0,58.05990361883979,0.0024826475173443567
2022-02-16,689009.SH,58.03,57.85,58.28,57.4,823414.0,57.43,47498589.0,57.68494220404317,0.0018587440651451044
2022-02-17,689009.SH,57.43,57.19,57.2,56.0,1628407.0,56.35,91762934.0,56.351350737254265,0.003675905251660458
2022-02-18,689009.SH,56.35,55.77,56.26,55.06,1289474.0,55.88,71604398.0,55.52992770695648,0.0029108105335334577
2022-02-21,689009.SH,55.88,55.22,55.85,54.55,1661154.0,55.4,91620074.0,55.15447333600618,0.003749827108589423
2022-02-22,689009.SH,55.4,54.99,55.54,53.68,1274445.0,55.45,69489924.0,54.525635865023595,0.0028768846292434335
2022-02-23,689009.SH,55.45,55.29,57.18,54.69,1370343.0,56.54,77027747.0,56.21055969198952,0.003093361199181867
2022-02-24,689009.SH,56.54,56.24,57.17,55.0,1263943.0,56.01,71032784.0,56.199357091261234,0.0028531778059781576
2022-02-25,689009.SH,56.01,56.31,58.2,56.31,1156433.0,56.71,66272625.0,57.30779474470203,0.0026104887401573796
2022-02-28,689009.SH,56.71,56.57,57.69,55.13,1281982.0,57.05,72590358.0,56.62353917605707,0.0028938983720496027
2022-03-01,689009.SH,57.05,57.74,58.2,57.2,1017832.0,57.97,58946206.0,57.91349259995756,0.002297616010068777
2022-03-02,689009.SH,57.97,57.6,57.98,56.86,519105.0,57.02,29654347.0,57.12591286926537,0.0011718082737689054
2022-03-03,689009.SH,57.02,57.03,57.39,55.6,835262.0000000001,55.66,47136513.0,56.43320658667579,0.0018854892986289165
2022-03-04,689009.SH,55.66,55.01,55.55,54.3,1323586.0,54.75,72764194.0,54.97504053382251,0.0029878136905726015
2022-03-07,689009.SH,54.75,54.01,55.26,50.0,3473583.9999999995,54.5,180340904.0,51.91781859888807,0.00784113901971911
2022-03-08,689009.SH,54.5,53.1,53.35,50.58,2475914.0,51.19,127511851.0,51.500920872049676,0.005589035956772264
2022-03-09,689009.SH,51.19,51.5,51.57,49.0,1906562.0,49.58,95791540.0,50.24307628076087,0.004303801978507994
2022-03-10,689009.SH,49.58,50.9,51.02,48.3,2977516.0,48.99,147264582.0,49.458871757532116,0.006721333610886615
2022-03-11,689009.SH,48.99,48.29,48.35,45.67,2487772.0,46.75,115487022.0,46.42186743801281,0.005615803763883256
2022-03-14,689009.SH,46.75,46.15,46.15,43.82,2216046.0,43.83,99425909.0,44.86635611354638,0.005002419621950256
2022-03-15,689009.SH,43.83,43.83,44.0,40.08,4608421.0,40.88,191874986.0,41.63573293325415,0.010402877754616837
2022-03-16,689009.SH,40.88,41.35,42.96,40.1,1741727.0,42.03,72455677.0,41.59990457746822,0.00393170959487328
2022-03-17,689009.SH,42.03,42.94,43.76,42.03,2240510.0,43.62,96515049.0,43.07726767566313,0.005057643743485365
2022-03-18,689009.SH,43.62,43.11,43.98,42.7,1253098.0,43.7,54444595.0,43.44799449045485,0.0028286967073005804
2022-03-21,689009.SH,43.7,44.19,46.76,43.71,1595576.0,46.06,72376987.0,45.36104015101756,0.0036017937762631742
2022-03-22,689009.SH,46.06,46.0,46.3,44.79,1591881.0,46.3,72509162.0,45.54936078764681,0.0035934528210198684
2022-03-23,689009.SH,46.3,46.2,46.58,45.83,1135561.0,46.21,52581224.0,46.30418269031782,0.0025633730655056147
2022-03-24,689009.SH,46.21,45.1,46.43,45.1,1195898.0,46.05,54954376.0,45.95239393326187,0.002699575559826406
2022-03-25,689009.SH,46.05,45.99,46.44,45.17,856429.0000000001,45.23,39270985.0,45.85433818798756,0.0019332708952825154
2022-03-28,689009.SH,45.23,44.8,45.5,43.73,685863.0,45.0,30769964.0,44.86313447437754,0.0014095003152732577
2022-03-29,689009.SH,45.0,44.16,45.83,44.16,810806.0,45.11,36533299.0,45.058002777483146,0.001666267625787437
2022-03-30,689009.SH,45.11,45.11,45.43,43.8,1292791.0,44.1,57124386.0,44.18686856576198,0.0026567832381720986
2022-03-31,689009.SH,44.1,44.17,44.47,43.38,413741.0,43.79,18122628.0,43.80186638500898,0.00081303587451306
2022-04-01,689009.SH,43.79,43.79,44.15,42.71,998429.9999999999,43.39,43183134.0,43.25103812986389,0.0019619989514939886
2022-04-06,689009.SH,43.39,43.08,43.39,42.12,766571.0,42.79,32716331.0,42.67880078948982,0.0015063765093654025
2022-04-07,689009.SH,42.79,42.56,43.28,41.27,725850.0,41.96,30610672.0,42.1721733140456,0.0014263563183617397
2022-04-08,689009.SH,41.96,41.98,42.65,40.73,488138.0,42.08,20366719.0,41.72328112132225,0.0009592322387992877
2022-04-11,689009.SH,42.08,42.0,42.55,40.05,743962.0,41.0,30355485.0,40.8024670614897,0.0014619479221892081
2022-04-12,689009.SH,41.0,41.29,41.45,40.69,522712.0,41.11,21448222.0,41.0325800823398,0.001027173057633811
2022-04-13,689009.SH,41.11,41.3,41.3,39.4,757696.0,40.23,30228065.0,39.894713711039785,0.001488936387679847
2022-04-14,689009.SH,40.23,40.25,40.5,39.23,972187.9999999999,40.44,38845072.0,39.95633766308575,0.001910431213660485
2022-04-15,689009.SH,40.44,40.38,40.38,38.65,889076.0,40.2,35134176.0,39.51762953898204,0.0017471091411500753
2022-04-18,689009.SH,40.2,40.01,40.8,39.21,552730.0,40.3,22191591.0,40.149061928970745,0.001086160953155727
2022-04-19,689009.SH,40.3,40.41,40.41,38.8,845732.0,39.26,33326785.000000004,39.40584605998118,0.0016619345344640228
2022-04-20,689009.SH,39.26,39.26,39.36,38.25,569642.0,38.57,22096423.0,38.79001723889741,0.001119394456022895
2022-04-21,689009.SH,38.57,38.3,38.79,36.95,701557.0,37.5,26341540.0,37.54725560432011,0.0013786185295045909
2022-04-22,689009.SH,37.5,36.94,37.69,36.5,336582.0,36.83,12484701.0,37.092598534681,0.0006614119478498741
2022-04-25,689009.SH,36.83,36.69,36.69,33.51,997184.0,35.0,34727592.0,34.825661061549326,0.001959550456663544
2022-04-26,689009.SH,35.0,35.8,35.86,34.0,875142.0,34.59,30714538.0,35.09663346062696,0.0017197276588327198
2022-04-27,689009.SH,34.59,35.02,35.5,33.5,1067833.0,35.0,37059870.0,34.705679633425824,0.0020983816856170994
2022-04-28,689009.SH,35.0,34.48,34.88,33.05,1560294.0,34.38,52826037.0,33.856463589554274,0.00306610898312587
2022-04-29,689009.SH,34.38,34.3,38.1,34.0,2735479.0,37.18,99444025.0,36.353422928854506,0.005375446380651449
2022-05-05,689009.SH,37.18,36.04,38.0,36.04,2816809.0,36.52,103761942.0,36.83669783787257,0.005535266673235812
2022-05-06,689009.SH,36.52,35.62,36.46,34.51,1581903.0,36.05,56287158.0,35.58192758974476,0.0031085724861684805
2022-05-09,689009.SH,36.05,36.0,36.04,34.22,3895516.0000000005,34.8,136957244.0,35.15766435049939,0.007655016683721502
2022-05-10,689009.SH,34.8,34.0,35.77,33.86,4075425.0,35.32,142171736.0,34.88513124398069,0.008008553005110414
2022-05-11,689009.SH,35.32,35.57,37.89,35.21,6311301.0,36.58,227317211.0,36.017488470285286,0.012402237457371037
2022-05-12,689009.SH,36.58,35.79,36.62,34.95,4116071.0,35.48,147038095.0,35.72292484750628,0.008088425814804057
2022-05-13,689009.SH,35.48,35.6,35.85,34.44,2804460.0,34.81,98258141.0,35.03638525776798,0.005510999849270186
2022-05-16,689009.SH,34.81,35.38,35.97,35.19,2448865.0,35.2,87014378.0,35.532533643136716,0.004812225756788485
2022-05-17,689009.SH,35.2,35.0,37.99,34.55,5541981.0,37.38,201910920.0,36.43298668833401,0.010890458931722413
2022-05-18,689009.SH,37.38,37.36,44.18,36.99,9967297.0,43.79,404401629.0,40.57284828574888,0.019586577189416567
2022-05-19,689009.SH,43.79,42.14,42.97,40.46,6392381.0,41.56,265650200.0,41.557316436551574,0.012561566478922004
2022-05-20,689009.SH,41.56,41.58,45.48,41.03,7062742.999999999,43.05,304903602.0,43.17070605570669,0.01387888420887945
2022-05-23,689009.SH,43.05,43.15,43.15,41.2,4198468.0,42.04,176196971.0,41.96696771298483,0.008250342852158955
2022-05-24,689009.SH,42.04,41.68,41.98,39.66,4489294.0,39.92,182363252.0,40.62181091280723,0.008821840410392572
2022-05-25,689009.SH,39.92,40.47,40.68,39.44,3690299.0,40.3,147914516.0,40.08198685255585,0.007251748013079852
2022-05-26,689009.SH,40.3,40.29,40.59,39.41,3029905.0,39.98,121453911.0,40.0850558020796,0.005954018241765967
2022-05-27,689009.SH,39.98,40.3,42.38,39.89,3496574.0,40.47,142774835.0,40.83277945783501,0.0068710620893013465
2022-05-30,689009.SH,40.47,40.65,44.0,40.3,5580165.0,42.75,238308662.0,42.70638269656901,0.010965493704279175
2022-05-31,689009.SH,42.75,43.0,46.15,41.76,5293130.0,45.6,233736600.0,44.15848467730813,0.010401445779995973
2022-06-01,689009.SH,45.6,45.7,47.99,45.0,4687536.0,47.11,219990948.0,46.9310418095989,0.009211402619202476
2022-06-02,689009.SH,47.11,46.61,51.78,45.55,6791813.0,51.4,334549814.0,49.25780700970418,0.013346483964567614
2022-06-06,689009.SH,51.4,51.89,56.99,49.34,6688775.0,55.0,365589298.0,54.65713796621952,0.013144005625611417
2022-06-07,689009.SH,55.0,54.01,55.55,53.0,4379104.0,55.45,236540778.0,54.01579364180435,0.008605307789712982
2022-06-08,689009.SH,55.45,55.0,56.98,53.4,4997753.0,54.4,275352040.0,55.095167768395115,0.009821005123870415
2022-06-09,689009.SH,54.4,54.75,56.5,52.0,5277427.0,54.39,289402351.0,54.83777435481343,0.010370588063846307
2022-06-10,689009.SH,54.39,53.68,56.95,52.3,11216614.0,54.06,613062469.0,54.6566431723513,0.022041590203932974
2022-06-13,689009.SH,54.06,53.3,56.73,53.01,4786422.0,54.57,264063510.0,55.16929138299966,0.009405721928836035
2022-06-14,689009.SH,54.57,53.96,55.44,53.0,2837081.0,54.2,154374585.0,54.413175020381864,0.005575102858791821
2022-06-15,689009.SH,54.2,54.15,55.7,51.71,3165842.0,51.95,170364865.0,53.81344520667803,0.006221145883632937
2022-06-16,689009.SH,51.95,52.07,52.88,47.5,6812627.0,47.59,332781770.0,48.8477895531342,0.013387385225724026
2022-06-17,689009.SH,47.59,46.93,47.77,46.01,4843803.0,46.83,226813882.0,46.82557940527309,0.009518480421505202
2022-06-20,689009.SH,46.83,47.3,48.28,45.61,5383180.0,46.45,251068885.0,46.63951140403999,0.010578401606225186
2022-06-21,689009.SH,46.45,44.46,44.9,42.86,6311638.0,44.12,277021043.0,43.89051510875624,0.012402899690724055
2022-06-22,689009.SH,44.12,44.12,45.79,43.51,5143112.0,43.89,228382895.0,44.405584595474494,0.01010664778844401
2022-06-23,689009.SH,43.89,44.0,46.73,43.75,6138296.0,46.06,277410731.0,45.193443098866524,0.012062268076840386
2022-06-24,689009.SH,46.06,45.66,46.37,43.91,6443460.0,46.15,289815079.0,44.97817616622125,0.012661941011381328
2022-06-27,689009.SH,46.15,46.0,46.6,44.3,4436341.0,44.38,200375113.0,45.166751834450956,0.008717783310266913
2022-06-28,689009.SH,44.38,44.52,45.44,43.57,6036195.0,44.0,266762069.00000003,44.19374606022503,0.011861631021717356
2022-06-29,689009.SH,44.0,43.9,44.67,43.28,4039399.0,44.0,177400338.0,43.91750802532753,0.007937758884113928
2022-06-30,689009.SH,44.0,43.65,44.95,43.12,5533823.0,44.5,243531739.0,44.0078656292404,0.010874427775360638
2022-07-01,689009.SH,44.5,44.85,46.59,44.63,6095138.0,45.51,277690326.0,45.559317278788434,0.01197745897580318
2022-07-04,689009.SH,45.51,45.3,45.5,43.7,4215641.0,44.2,186734556.0,44.29564946350982,0.008284089241984987
2022-07-05,689009.SH,44.2,44.14,44.45,42.86,2713436.0,43.18,117574987.0,43.330665252469565,0.005332130031094863
2022-07-06,689009.SH,43.18,43.02,43.47,41.41,3304166.0000000005,42.02,139230733.0,42.13793526112186,0.0064929641813267725
2022-07-07,689009.SH,42.02,42.0,42.55,40.76,3153052.0,40.86,130589166.0,41.416749866478575,0.006196012457564401
2022-07-08,689009.SH,40.86,40.79,42.78,40.2,4319314.0,41.88,180256341.0,41.732631848483344,0.008487815409366013
2022-07-11,689009.SH,41.88,41.81,44.9,41.81,4513992.0,43.61,197651764.0,43.7864674992778,0.008870374058323824
2022-07-12,689009.SH,43.61,43.6,44.3,41.71,2716469.0,41.96,116358551.0,42.834485134930674,0.005338090131272022
2022-07-13,689009.SH,41.96,41.97,45.8,40.81,5790629.0,45.3,256137134.0,44.23304169547039,0.011379073171369736
2022-07-14,689009.SH,45.3,45.02,49.08,45.0,6969885.000000001,47.8,333655012.0,47.870949377213535,0.013696410426403136
2022-07-15,689009.SH,47.8,47.87,49.93,47.21,5765356.0,48.53,282606403.0,49.01803167055078,0.011329409600061674
2022-07-18,689009.SH,48.53,48.01,49.94,46.01,4477969.0,47.42,212323975.0,47.41524003404222,0.008799585832579736
2022-07-19,689009.SH,47.42,47.4,47.41,45.3,3234485.0,46.1,150090713.0,46.40327996574416,0.006356035153814524
2022-07-20,689009.SH,46.1,45.99,49.87,45.83,4190297.0,49.7,204289177.0,48.75291107050407,0.008234286149703443
2022-07-21,689009.SH,49.7,49.23,51.53,48.51,4374990.0,50.54,220421240.0,50.38211287340086,0.008597223433587419
2022-07-22,689009.SH,50.54,50.68,51.7,49.17,2462869.0,49.55,123576342.0,50.17576736724527,0.004839744794995191
2022-07-25,689009.SH,49.55,49.1,49.99,46.42,3923569.0,47.68,187408295.0,47.76475066450978,0.007710143188920925
2022-07-26,689009.SH,47.68,47.98,49.1,47.1,2316348.0,47.73,111783837.0,48.2586541400515,0.0045518187026583725
2022-07-27,689009.SH,47.73,47.66,49.12,46.93,2748633.0,49.12,132681044.0,48.27164776090515,0.0054012950973446085
2022-07-28,689009.SH,49.12,49.12,52.66,48.41,3850494.9999999995,50.25,195846207.0,50.862605197513574,0.007566546630943427
2022-07-29,689009.SH,50.25,50.87,51.48,49.6,1994845.0,49.62,100384697.0,50.32205359313631,0.003920038258458807
2022-08-01,689009.SH,49.62,49.85,55.64,49.2,5479025.0,54.33,288720675.0,52.69563015317506,0.010766745095008516
2022-08-02,689009.SH,54.33,53.76,54.86,52.22,4713376.0,53.1,252356351.0,53.54046674825009,0.009262180393214279
2022-08-03,689009.SH,53.1,53.18,56.96,53.18,6374624.0,53.58,353230196.0,55.41192641322845,0.012526672479961958
2022-08-04,689009.SH,53.58,54.25,55.43,52.0,3334700.0,53.8,178970291.0,53.66908297597985,0.0065529660602616155
2022-08-05,689009.SH,53.8,53.61,54.7,52.31,3438129.0,54.45,183584512.0,53.3966328779403,0.006756212747114046
2022-08-08,689009.SH,54.45,54.01,60.0,53.8,5916118.0,59.49,342195239.0,57.841178793255985,0.011625669614209024
2022-08-09,689009.SH,59.49,59.45,60.66,57.88,3498773.0000000005,58.08,205453156.0,58.72148779014814,0.006875383309311098
2022-08-10,689009.SH,58.08,57.0,58.39,56.58,2889614.0,58.1,167184163.0,57.85691895180464,0.005678334623581375
2022-08-11,689009.SH,58.1,58.25,58.72,55.8,3573858.9999999995,56.99,203300719.0,56.885489606612914,0.0070229336165653624
2022-08-12,689009.SH,56.99,57.85,58.98,56.65,2263171.0,57.0,130297362.0,57.57291958937261,0.004447321423686791
2022-08-15,689009.SH,57.0,56.5,58.0,54.53,3827032.0,54.55,214137143.0,55.953841776081305,0.007520439861917154
2022-08-16,689009.SH,54.55,53.0,55.88,51.8,6033897.0,53.6,326755621.0,54.15333092361371,0.011857115258378379
2022-08-17,689009.SH,53.6,53.99,54.75,52.44,2701882.0,52.5,144058245.0,53.31774111526706,0.0053094254490154355
2022-08-18,689009.SH,52.5,52.9,53.66,51.31,2716071.0,53.58,142787693.0,52.57141400206401,0.005337308027786856
2022-08-19,689009.SH,53.58,53.08,53.28,51.03,3348356.0,51.56,173902696.0,51.93674029882127,0.006579801249189835
2022-08-22,689009.SH,51.56,50.63,52.21,50.55,1363039.0,51.28,69670021.0,51.11373995901805,0.002678486312355814
2022-08-23,689009.SH,51.28,50.99,51.19,49.6,2554998.0,49.62,127969190.0,50.08582785583394,0.005020786031138126
2022-08-24,689009.SH,49.62,49.62,49.99,45.25,4823811.0,45.8,224423402.0,46.524086868245874,0.009479194459506596
2022-08-25,689009.SH,45.8,46.05,47.09,44.83,3334580.0000000005,46.35,152994585.0,45.88121592524395,0.006552730250165587
2022-08-26,689009.SH,46.35,46.22,47.92,45.97,2421574.0,46.45,113581623.0,46.904047945675,0.004758596645698852
2022-08-29,689009.SH,46.45,45.58,46.69,44.07,2249815.0,44.51,101483165.0,45.1073377144343,0.0044210757599986465
2022-08-30,689009.SH,44.51,44.63,44.92,42.9,2925324.0,43.85,127367090.0,43.539481438637225,0.0057485077779916485
2022-08-31,689009.SH,43.85,43.8,44.63,43.06,2209505.0,44.03,97112622.0,43.952207394868985,0.004341863218573887
2022-09-01,689009.SH,44.03,43.98,43.98,42.63,1753950.9999999998,42.8,75747362.0,43.18670361942837,0.003446661281183291
2022-09-02,689009.SH,42.8,42.8,44.3,42.5,2445571.0,42.97,106081032.0,43.376795030690175,0.004805752769652461
2022-09-05,689009.SH,42.97,42.61,44.18,42.5,1712908.0000000002,43.15,74317272.0,43.386610372536055,0.0033660083330886155
2022-09-06,689009.SH,43.15,43.47,44.97,43.42,2744621.0,44.8,121741764.0,44.35649366524559,0.005393411179800672
2022-09-07,689009.SH,44.8,45.2,45.2,43.55,2343867.0,44.18,103565515.0,44.18574731416074,0.004605895852930462
2022-09-08,689009.SH,44.18,44.26,44.3,42.7,2225672.0,43.03,96089554.0,43.173277104622784,0.004373632733761535
2022-09-09,689009.SH,43.03,43.05,43.9,42.7,1537224.0,43.7,66680763.00000001,43.37738872148757,0.0030207744921640933
2022-09-13,689009.SH,43.7,43.2,44.8,42.51,1839193.9999999998,42.6,79662644.0,43.31388858380356,0.0036141709479823674
2022-09-14,689009.SH,42.6,41.58,42.33,41.15,3186322.0,41.34,132332935.0,41.53156366494033,0.006261390806688732
2022-09-15,689009.SH,41.34,41.37,41.75,40.2,2491613.0,40.4,101230944.0,40.628678691273485,0.004896229173330922
2022-09-16,689009.SH,40.4,40.4,41.97,40.22,2081093.9999999998,40.46,85768977.0,41.21340842845158,0.004089524799896268
2022-09-19,689009.SH,40.46,41.0,41.18,37.65,3967794.0,39.22,155218365.0,39.11956240671769,0.007797049034728665
2022-09-20,689009.SH,39.22,39.02,40.38,38.8,1757374.0000000002,39.86,69996248.0,39.83002366030224,0.003453387764172549
2022-09-21,689009.SH,39.86,39.8,40.13,39.13,809455.0,39.71,32082054.0,39.63414149026197,0.0015906471773500064
2022-09-22,689009.SH,39.71,39.42,40.21,38.57,2126466.0,38.91,83510129.0,39.27179131949441,0.004178684597205229
2022-09-23,689009.SH,38.91,39.26,39.26,37.0,2401673.0,38.12,91173592.0,37.96253361719101,0.0047194895063564024
2022-09-26,689009.SH,38.12,37.81,39.18,37.39,1778359.0,38.6,68365804.0,38.44319622753336,0.0034946250547158025
2022-09-27,689009.SH,38.6,38.55,39.88,38.55,1672624.0000000002,39.68,65849062.00000001,39.36871765561178,0.0032868468838513293
2022-09-28,689009.SH,39.68,39.7,39.7,38.1,1356035.0,38.35,52384781.0,38.6308472863901,0.0026647228630841935
2022-09-29,689009.SH,38.35,38.59,39.37,37.66,2218806.0,38.0,85245354.0,38.41947155361938,0.0043601404661003495
2022-09-30,689009.SH,38.0,38.0,38.87,37.84,1713213.0,38.31,65609687.00000001,38.29628131469934,0.003366607683749358
2022-10-10,689009.SH,38.31,38.6,39.36,37.3,1476785.0,37.5,56673261.0,38.376108235118856,0.0029020067722144273
2022-10-11,689009.SH,37.5,37.5,38.39,37.16,1145671.0,37.41,43373697.0,37.85877184636776,0.0022513399044069887
2022-10-12,689009.SH,37.41,37.44,40.0,36.0,2648678.0,39.77,100372905.0,37.89547276037329,0.0052048751127722484
2022-10-13,689009.SH,39.77,39.51,40.84,39.0,1657666.0,39.26,65760734.0,39.67067792908825,0.003257453155381183
2022-10-14,689009.SH,39.26,39.84,40.66,39.25,1831904.0,39.83,73378406.0,40.05581406012542,0.0035998454846485426
2022-10-17,689009.SH,39.83,39.52,41.65,39.51,1882263.0,41.2,76678390.0,40.73734116858271,0.0036988051565316846
2022-10-18,689009.SH,41.2,41.03,41.86,40.54,1531722.0,41.22,62696280.0,40.931892340777246,0.0030099625992611157
2022-10-19,689009.SH,41.22,41.76,41.76,40.14,1195892.0,40.39,48730941.0,40.74861358718012,0.0023500283946796966
2022-10-20,689009.SH,40.39,40.01,40.81,39.66,1659600.9999999998,40.06,66633364.0,40.15023129053309,0.003261255593179667
2022-10-21,689009.SH,40.06,40.06,41.3,40.06,1723775.9999999998,41.2,70361236.0,40.81808541248979,0.003387364867452402
2022-10-24,689009.SH,41.2,41.49,43.99,41.0,3716333.0,43.97,158982837.0,42.779491773207624,0.00730290701341357
2022-10-25,689009.SH,43.97,42.02,42.16,35.18,8231942.999999999,35.55,306356495.0,37.215575350801146,0.016176460577865526
2022-10-26,689009.SH,35.55,35.0,35.8,33.91,8734733.0,34.45,303554810.0,34.752614647751685,0.017164485229390087
2022-10-27,689009.SH,34.45,34.81,35.0,31.01,11306330.0,31.81,366516686.0,32.41694572863166,0.02221788969206157
2022-10-28,689009.SH,31.81,31.37,33.14,31.11,7399875.0,32.0,239148544.0,32.31791672156624,0.014541376953002796
2022-10-31,689009.SH,32.0,32.02,32.85,31.32,5138087.0,32.0,164959172.0,32.10517299531907,0.01004120125519535
2022-11-01,689009.SH,32.0,32.32,32.55,31.71,5042219.0,32.45,162274944.0,32.18323995843893,0.009853849448592415
2022-11-02,689009.SH,32.45,32.46,33.33,32.31,5001625.0,33.0,164804116.0,32.950114412815836,0.009774517875625005
2022-11-03,689009.SH,33.0,32.95,33.44,32.68,4122839.0,33.2,136418010.0,33.08836702088051,0.008057134132171828
2022-11-04,689009.SH,33.2,33.45,34.35,33.1,5428039.0,34.18,183483029.0,33.80282068717634,0.010607845297296312
2022-11-07,689009.SH,34.18,34.0,34.58,33.54,3871639.0,34.1,131523044.0,33.97089553029092,0.007566221900575696
2022-11-08,689009.SH,34.1,34.14,34.27,32.8,4535275.0,33.17,150908125.0,33.27430530673443,0.008863144789618412
2022-11-09,689009.SH,33.17,33.2,33.37,32.7,3456364.0,32.74,113743723.0,32.908490830248205,0.006754663075033962
2022-11-10,689009.SH,32.74,32.63,32.91,32.4,3076854.0,32.58,100352384.0,32.61525701251993,0.006012998660173103
2022-11-11,689009.SH,32.58,33.5,33.53,32.6,4806452.0,33.18,158772548.0,33.033212024170844,0.009393097441798125
2022-11-14,689009.SH,33.18,32.88,33.44,32.88,4020115.0,33.13,133377737.0,33.17759243205729,0.007856383861158767
2022-11-15,689009.SH,33.13,33.29,34.16,32.88,4920064.0,34.15,165449694.0,33.62754915383214,0.009615125787562854
2022-11-16,689009.SH,34.15,34.31,34.31,33.56,2978288.0,33.56,100669144.0,33.801010513422476,0.005820374237324758
2022-11-17,689009.SH,33.56,33.4,33.54,32.79,2773173.0,33.17,91645812.0,33.04727544945808,0.00541952446668845
2022-11-18,689009.SH,33.17,33.22,33.96,33.03,3795798.0000000005,33.06,126899977.0,33.43169921054808,0.007418008227978236
2022-11-21,689009.SH,33.06,32.93,33.46,32.23,2775355.0,33.45,91138219.0,32.83840049290992,0.00542378868041991
2022-11-22,689009.SH,33.45,33.3,33.7,32.69,2027852.0,32.78,67134082.0,33.10600674999951,0.003962967160297286
2022-11-23,689009.SH,32.78,32.9,33.1,32.08,2130864.0,32.35,69140568.0,32.447198882706736,0.004164280260620459
2022-11-24,689009.SH,32.35,32.41,32.7,32.25,1476986.0,32.44,47899540.0,32.430598529708476,0.0028864271229946015
2022-11-25,689009.SH,32.44,32.04,32.95,32.04,1605879.0,32.5,52267141.0,32.54737187546509,0.0031383186447586147
2022-11-28,689009.SH,32.5,32.28,33.03,31.91,2601992.0,33.0,84903527.0,32.63020293682686,0.0050849908412232536
2022-11-29,689009.SH,33.0,33.15,34.28,33.15,4109374.0,33.97,138982681.0,33.82088877770678,0.008030819907655737
2022-11-30,689009.SH,33.97,33.9,34.11,33.12,2788167.0,33.38,93516422.0,33.540466550246094,0.005448826767646063
2022-12-01,689009.SH,33.38,33.57,35.32,33.55,4912710.0,33.9,168460359.0,34.2907191753635,0.009600754097470665
